,ds,trend,yhat_lower,yhat_upper,trend_lower,trend_upper,additive_terms,additive_terms_lower,additive_terms_upper,weekly,weekly_lower,weekly_upper,multiplicative_terms,multiplicative_terms_lower,multiplicative_terms_upper,yhat
0,2019-04-02,2530263.7251310297,2505020.751917395,2607166.663577291,2530263.7251310297,2530263.7251310297,26889.635251283333,26889.635251283333,26889.635251283333,26889.635251283333,26889.635251283333,26889.635251283333,0.0,0.0,0.0,2557153.360382313
1,2019-04-03,2532510.0901939743,2490763.598318213,2593729.1735392814,2532510.0901939743,2532510.0901939743,11016.565654337795,11016.565654337795,11016.565654337795,11016.565654337795,11016.565654337795,11016.565654337795,0.0,0.0,0.0,2543526.655848312
2,2019-04-04,2534756.455256919,2469376.487264081,2575114.3767955415,2534756.455256919,2534756.455256919,-13349.573693044062,-13349.573693044062,-13349.573693044062,-13349.573693044062,-13349.573693044062,-13349.573693044062,0.0,0.0,0.0,2521406.881563875
3,2019-04-05,2537002.8203198635,2474841.3599009993,2578456.85014105,2537002.8203198635,2537002.8203198635,-11435.267965381268,-11435.267965381268,-11435.267965381268,-11435.267965381268,-11435.267965381268,-11435.267965381268,0.0,0.0,0.0,2525567.552354482
4,2019-04-06,2539249.1853843494,2474037.001444869,2569134.850059518,2539249.1853843494,2539249.1853843494,-15968.114881400686,-15968.114881400686,-15968.114881400686,-15968.114881400686,-15968.114881400686,-15968.114881400686,0.0,0.0,0.0,2523281.070502949
5,2019-04-07,2541495.5504488354,2481012.5982920867,2581560.0591305112,2541495.5504488354,2541495.5504488354,-9766.977837683778,-9766.977837683778,-9766.977837683778,-9766.977837683778,-9766.977837683778,-9766.977837683778,0.0,0.0,0.0,2531728.5726111517
6,2019-04-08,2543741.9155133218,2503766.4174202,2605598.8206063705,2543741.9155133218,2543741.9155133218,12613.733471827929,12613.733471827929,12613.733471827929,12613.733471827929,12613.733471827929,12613.733471827929,0.0,0.0,0.0,2556355.64898515
7,2019-04-09,2545988.280625456,2524549.377363698,2625010.3333266303,2545988.280625456,2545988.280625456,26889.635251278378,26889.635251278378,26889.635251278378,26889.635251278378,26889.635251278378,26889.635251278378,0.0,0.0,0.0,2572877.9158767345
8,2019-04-10,2548234.6457375903,2509097.9405472153,2610929.148166514,2548234.6457375903,2548234.6457375903,11016.565654320111,11016.565654320111,11016.565654320111,11016.565654320111,11016.565654320111,11016.565654320111,0.0,0.0,0.0,2559251.2113919104
9,2019-04-11,2550481.0108497245,2485503.786848765,2586897.0019012936,2550481.0108497245,2550481.0108497245,-13349.573693052651,-13349.573693052651,-13349.573693052651,-13349.573693052651,-13349.573693052651,-13349.573693052651,0.0,0.0,0.0,2537131.4371566717
10,2019-04-12,2552727.379126186,2487285.3494709968,2593209.9486815557,2552727.379126186,2552727.379126186,-11435.267965381585,-11435.267965381585,-11435.267965381585,-11435.267965381585,-11435.267965381585,-11435.267965381585,0.0,0.0,0.0,2541292.1111608045
11,2019-04-13,2554973.7474026475,2487202.556681556,2588981.5938274194,2554973.7474026475,2554973.7474026475,-15968.11488139222,-15968.11488139222,-15968.11488139222,-15968.11488139222,-15968.11488139222,-15968.11488139222,0.0,0.0,0.0,2539005.6325212554
12,2019-04-14,2557220.1156791085,2497414.5306501584,2597249.640597589,2557220.1156791085,2557220.1156791085,-9766.977837663519,-9766.977837663519,-9766.977837663519,-9766.977837663519,-9766.977837663519,-9766.977837663519,0.0,0.0,0.0,2547453.137841445
13,2019-04-15,2559466.4839555705,2522193.9098540554,2623027.3975280765,2559466.4839555705,2559466.4839555705,12613.733471865795,12613.733471865795,12613.733471865795,12613.733471865795,12613.733471865795,12613.733471865795,0.0,0.0,0.0,2572080.2174274363
14,2019-04-16,2561714.5896166777,2540189.1684992895,2642380.9587913193,2561714.5896166777,2561714.5896166777,26889.635251273427,26889.635251273427,26889.635251273427,26889.635251273427,26889.635251273427,26889.635251273427,0.0,0.0,0.0,2588604.224867951
15,2019-04-17,2563962.695277785,2523677.902408223,2624677.733422773,2563962.695277785,2563962.695277785,11016.565654347478,11016.565654347478,11016.565654347478,11016.565654347478,11016.565654347478,11016.565654347478,0.0,0.0,0.0,2574979.2609321326
16,2019-04-18,2566210.800938892,2502299.459740273,2603091.450252788,2566210.800938892,2566210.800938892,-13349.573693019001,-13349.573693019001,-13349.573693019001,-13349.573693019001,-13349.573693019001,-13349.573693019001,0.0,0.0,0.0,2552861.2272458733
17,2019-04-19,2568557.6494734287,2509627.731256061,2608786.916381934,2568557.6494734287,2568557.6494734287,-11435.267965378393,-11435.267965378393,-11435.267965378393,-11435.267965378393,-11435.267965378393,-11435.267965378393,0.0,0.0,0.0,2557122.3815080505
18,2019-04-20,2570904.4980079643,2505388.3387548863,2606390.6684416183,2570904.4980079643,2570904.4980079643,-15968.114881400805,-15968.114881400805,-15968.114881400805,-15968.114881400805,-15968.114881400805,-15968.114881400805,0.0,0.0,0.0,2554936.3831265634
19,2019-04-21,2573251.346542501,2513017.0880986485,2614149.55351217,2573251.346542501,2573251.346542501,-9766.977837656137,-9766.977837656137,-9766.977837656137,-9766.977837656137,-9766.977837656137,-9766.977837656137,0.0,0.0,0.0,2563484.3687048447
20,2019-04-22,2575943.2875338728,2540294.242885408,2642820.0310158096,2575943.2875338728,2575943.2875338728,12613.733471819647,12613.733471819647,12613.733471819647,12613.733471819647,12613.733471819647,12613.733471819647,0.0,0.0,0.0,2588557.0210056924
21,2019-04-23,2578635.2285252446,2556716.2954069297,2655915.834290573,2578635.2285252446,2578635.2285252446,26889.63525128717,26889.63525128717,26889.63525128717,26889.63525128717,26889.63525128717,26889.63525128717,0.0,0.0,0.0,2605524.863776532
22,2019-04-24,2581327.1695166165,2541785.188688217,2640073.468273121,2581327.1695166165,2581327.1695166165,11016.565654339567,11016.565654339567,11016.565654339567,11016.565654339567,11016.565654339567,11016.565654339567,0.0,0.0,0.0,2592343.7351709562
23,2019-04-25,2584362.206482365,2518134.2405299414,2619527.099747726,2584362.206482365,2584362.206482365,-13349.573693023547,-13349.573693023547,-13349.573693023547,-13349.573693023547,-13349.573693023547,-13349.573693023547,0.0,0.0,0.0,2571012.6327893413
24,2019-04-26,2587397.2434481126,2526303.7928850334,2630683.8751963293,2587397.2434481126,2587397.2434481126,-11435.267965380172,-11435.267965380172,-11435.267965380172,-11435.267965380172,-11435.267965380172,-11435.267965380172,0.0,0.0,0.0,2575961.9754827325
25,2019-04-27,2590432.280413861,2525217.5783457146,2623585.664858908,2590432.280413861,2590432.280413861,-15968.114881400863,-15968.114881400863,-15968.114881400863,-15968.114881400863,-15968.114881400863,-15968.114881400863,0.0,0.0,0.0,2574464.16553246
26,2019-04-28,2593722.537857854,2534251.7138001653,2633987.4267792357,2593722.537857854,2593722.537857854,-9766.97783770556,-9766.97783770556,-9766.97783770556,-9766.97783770556,-9766.97783770556,-9766.97783770556,0.0,0.0,0.0,2583955.5600201483
27,2019-04-29,2597012.795301847,2558454.1116426187,2660960.418591586,2597012.795301847,2597012.795301847,12613.733471842841,12613.733471842841,12613.733471842841,12613.733471842841,12613.733471842841,12613.733471842841,0.0,0.0,0.0,2609626.52877369
28,2019-04-30,2600303.0527458405,2575569.984322171,2675190.350392372,2600303.0527458405,2600303.0527458405,26889.635251268654,26889.635251268654,26889.635251268654,26889.635251268654,26889.635251268654,26889.635251268654,0.0,0.0,0.0,2627192.6879971093
29,2019-05-01,2603694.2433531387,2563637.4083051006,2669553.655001369,2603694.2433531387,2603694.2433531387,11016.565654312106,11016.565654312106,11016.565654312106,11016.565654312106,11016.565654312106,11016.565654312106,0.0,0.0,0.0,2614710.809007451
30,2019-05-02,2607085.4339604373,2541418.88502172,2645504.732600836,2607085.4339604373,2607085.4339604373,-13349.573693036185,-13349.573693036185,-13349.573693036185,-13349.573693036185,-13349.573693036185,-13349.573693036185,0.0,0.0,0.0,2593735.860267401
31,2019-05-03,2610476.6245677364,2547500.36633973,2649643.2158519374,2610476.6245677364,2610476.6245677364,-11435.267965380483,-11435.267965380483,-11435.267965380483,-11435.267965380483,-11435.267965380483,-11435.267965380483,0.0,0.0,0.0,2599041.356602356
32,2019-05-04,2613867.815175035,2546115.3504792405,2648575.27107313,2613867.815175035,2613867.815175035,-15968.114881403939,-15968.114881403939,-15968.114881403939,-15968.114881403939,-15968.114881403939,-15968.114881403939,0.0,0.0,0.0,2597899.7002936313
33,2019-05-05,2617400.5975409355,2553576.840201099,2658678.128519215,2617400.5975409355,2617400.5975409355,-9766.977837698176,-9766.977837698176,-9766.977837698176,-9766.977837698176,-9766.977837698176,-9766.977837698176,0.0,0.0,0.0,2607633.6197032374
34,2019-05-06,2620933.379906837,2583771.2604589653,2687172.3844312076,2620933.379906837,2620933.379906837,12613.733471851358,12613.733471851358,12613.733471851358,12613.733471851358,12613.733471851358,12613.733471851358,0.0,0.0,0.0,2633547.113378688
35,2019-05-07,2624466.1622727374,2595937.3478987217,2700945.3092269422,2624466.1622727374,2624466.1622727374,26889.635251277272,26889.635251277272,26889.635251277272,26889.635251277272,26889.635251277272,26889.635251277272,0.0,0.0,0.0,2651355.7975240145
36,2019-05-08,2628231.854985178,2586522.3015256054,2688395.3575923266,2628231.854985178,2628231.854985178,11016.565654294422,11016.565654294422,11016.565654294422,11016.565654294422,11016.565654294422,11016.565654294422,0.0,0.0,0.0,2639248.4206394725
37,2019-05-09,2631997.5476976186,2565818.836864159,2668867.7679018225,2631997.5476976186,2631997.5476976186,-13349.573693019607,-13349.573693019607,-13349.573693019607,-13349.573693019607,-13349.573693019607,-13349.573693019607,0.0,0.0,0.0,2618647.974004599
38,2019-05-10,2635763.240410059,2569793.168763086,2678951.665916979,2635763.240410059,2635763.240410059,-11435.267965379777,-11435.267965379777,-11435.267965379777,-11435.267965379777,-11435.267965379777,-11435.267965379777,0.0,0.0,0.0,2624327.9724446796
39,2019-05-11,2639648.2082601055,2575616.8570935265,2674500.19543894,2639648.2082601055,2639648.2082601055,-15968.114881395475,-15968.114881395475,-15968.114881395475,-15968.114881395475,-15968.114881395475,-15968.114881395475,0.0,0.0,0.0,2623680.09337871
40,2019-05-12,2643533.176110152,2584529.459827181,2684155.8343607304,2643533.176110152,2643533.176110152,-9766.977837677916,-9766.977837677916,-9766.977837677916,-9766.977837677916,-9766.977837677916,-9766.977837677916,0.0,0.0,0.0,2633766.198272474
41,2019-05-13,2647418.1439601984,2611681.9380881703,2710376.3416088936,2647418.1439601984,2647418.1439601984,12613.733471889225,12613.733471889225,12613.733471889225,12613.733471889225,12613.733471889225,12613.733471889225,0.0,0.0,0.0,2660031.8774320874
42,2019-05-14,2651303.113175145,2626944.892504648,2732931.9658462987,2651303.113175145,2651303.113175145,26889.63525129102,26889.63525129102,26889.63525129102,26889.63525129102,26889.63525129102,26889.63525129102,0.0,0.0,0.0,2678192.748426436
43,2019-05-15,2655188.0823900914,2613959.513601697,2718706.7278036396,2655188.0823900914,2655188.0823900914,11016.565654386388,11016.565654386388,11016.565654386388,11016.565654386388,11016.565654386388,11016.565654386388,0.0,0.0,0.0,2666204.6480444777
44,2019-05-16,2659073.0516050383,2599245.0454224967,2698886.6817305996,2659073.0516050383,2659073.0516050383,-13349.573693028198,-13349.573693028198,-13349.573693028198,-13349.573693028198,-13349.573693028198,-13349.573693028198,0.0,0.0,0.0,2645723.47791201
45,2019-05-17,2662958.023559745,2599533.0160581064,2702979.0267120716,2662958.023559745,2662958.023559745,-11435.267965379071,-11435.267965379071,-11435.267965379071,-11435.267965379071,-11435.267965379071,-11435.267965379071,0.0,0.0,0.0,2651522.7555943658
46,2019-05-18,2666842.995514452,2598143.6174174487,2701066.9584054556,2666842.9955144515,2666842.9955144515,-15968.114881404057,-15968.114881404057,-15968.114881404057,-15968.114881404057,-15968.114881404057,-15968.114881404057,0.0,0.0,0.0,2650874.880633048
47,2019-05-19,2670727.967469159,2607949.456662131,2709474.351688827,2670727.967469159,2670727.967469159,-9766.977837711811,-9766.977837711811,-9766.977837711811,-9766.977837711811,-9766.977837711811,-9766.977837711811,0.0,0.0,0.0,2660960.989631447
48,2019-05-20,2674612.939192142,2634498.4318433674,2735333.0499909436,2674612.939192142,2674612.939192142,12613.733471843074,12613.733471843074,12613.733471843074,12613.733471843074,12613.733471843074,12613.733471843074,0.0,0.0,0.0,2687226.672663985
49,2019-05-21,2678497.910915125,2652614.46591818,2754268.2221779376,2678497.910915125,2678497.910915125,26889.635251286065,26889.635251286065,26889.635251286065,26889.635251286065,26889.635251286065,26889.635251286065,0.0,0.0,0.0,2705387.546166411
50,2019-05-22,2682382.8826381075,2639698.193629092,2740369.1038531614,2682382.8826381075,2682382.8826381075,11016.565654368706,11016.565654368706,11016.565654368706,11016.565654368706,11016.565654368706,11016.565654368706,0.0,0.0,0.0,2693399.448292476
51,2019-05-23,2686267.854361091,2619485.8819181696,2721245.1894331896,2686267.854361091,2686267.854361091,-13349.573693032742,-13349.573693032742,-13349.573693032742,-13349.573693032742,-13349.573693032742,-13349.573693032742,0.0,0.0,0.0,2672918.280668058
52,2019-05-24,2690155.115059592,2626740.6040632613,2729213.0221866285,2690155.115059592,2690155.115059592,-11435.267965378362,-11435.267965378362,-11435.267965378362,-11435.267965378362,-11435.267965378362,-11435.267965378362,0.0,0.0,0.0,2678719.8470942136
53,2019-05-25,2694042.375758093,2627595.3325940133,2731387.045774369,2694042.375758093,2694042.375758093,-15968.114881407133,-15968.114881407133,-15968.114881407133,-15968.114881407133,-15968.114881407133,-15968.114881407133,0.0,0.0,0.0,2678074.260876686
54,2019-05-26,2697929.636456594,2636565.8437085017,2741362.550661181,2697929.636456594,2697929.636456594,-9766.977837691553,-9766.977837691553,-9766.977837691553,-9766.977837691553,-9766.977837691553,-9766.977837691553,0.0,0.0,0.0,2688162.6586189023
55,2019-05-27,2701816.897175795,2662592.1885033078,2765426.729097446,2701816.897175795,2701816.897175795,12613.733471866271,12613.733471866271,12613.733471866271,12613.733471866271,12613.733471866271,12613.733471866271,0.0,0.0,0.0,2714430.630647661
56,2019-05-28,2705704.1578949955,2681846.8239889923,2783643.742273474,2705704.1578949955,2705704.1578949955,26889.635251281114,26889.635251281114,26889.635251281114,26889.635251281114,26889.635251281114,26889.635251281114,0.0,0.0,0.0,2732593.793146277
57,2019-05-29,2709591.4186141966,2669449.586216692,2771400.2886304017,2709591.4186141966,2709591.4186141966,11016.565654341246,11016.565654341246,11016.565654341246,11016.565654341246,11016.565654341246,11016.565654341246,0.0,0.0,0.0,2720607.9842685377
58,2019-05-30,2713478.679038794,2648757.473076718,2751047.846229838,2713478.679038794,2713478.679038794,-13349.57369302426,-13349.57369302426,-13349.57369302426,-13349.57369302426,-13349.57369302426,-13349.57369302426,0.0,0.0,0.0,2700129.1053457693
59,2019-05-31,2717365.939463392,2656330.206120245,2757105.9001408783,2717365.939463392,2717365.939463392,-11435.267965378676,-11435.267965378676,-11435.267965378676,-11435.267965378676,-11435.267965378676,-11435.267965378676,0.0,0.0,0.0,2705930.671498013
60,2019-06-01,2721253.1998879896,2654661.1449102513,2755413.5086576445,2721253.1998879896,2721253.1998879896,-15968.114881393163,-15968.114881393163,-15968.114881393163,-15968.114881393163,-15968.114881393163,-15968.114881393163,0.0,0.0,0.0,2705285.0850065965
61,2019-06-02,2725140.460312324,2662308.2514782655,2766585.81368877,2725140.460312324,2725140.460312324,-9766.97783768417,-9766.97783768417,-9766.97783768417,-9766.97783768417,-9766.97783768417,-9766.97783768417,0.0,0.0,0.0,2715373.48247464
62,2019-06-03,2729027.7207366587,2691443.5546465716,2792683.6431608805,2729027.7207366587,2729027.7207366587,12613.733471889464,12613.733471889464,12613.733471889464,12613.733471889464,12613.733471889464,12613.733471889464,0.0,0.0,0.0,2741641.454208548
63,2019-06-04,2732914.9811609937,2708225.699742033,2810000.1156806103,2732914.9811609937,2732914.9811609937,26889.635251276162,26889.635251276162,26889.635251276162,26889.635251276162,26889.635251276162,26889.635251276162,0.0,0.0,0.0,2759804.61641227
64,2019-06-05,2736802.249945663,2697465.3559194207,2799306.470180599,2736802.249945663,2736802.249945663,11016.565654388163,11016.565654388163,11016.565654388163,11016.565654388163,11016.565654388163,11016.565654388163,0.0,0.0,0.0,2747818.815600051
65,2019-06-06,2740689.518730332,2680404.2091060365,2775617.601876519,2740689.518730332,2740689.518730332,-13349.573693028804,-13349.573693028804,-13349.573693028804,-13349.573693028804,-13349.573693028804,-13349.573693028804,0.0,0.0,0.0,2727339.9450373035
66,2019-06-07,2744576.7875150014,2683527.162149088,2788877.1235401193,2744576.7875150014,2744576.7875150014,-11435.267965380452,-11435.267965380452,-11435.267965380452,-11435.267965380452,-11435.267965380452,-11435.267965380452,0.0,0.0,0.0,2733141.519549621
67,2019-06-08,2748537.21348766,2680717.364652203,2783812.5682982453,2748537.21348766,2748537.21348766,-15968.114881401747,-15968.114881401747,-15968.114881401747,-15968.114881401747,-15968.114881401747,-15968.114881401747,0.0,0.0,0.0,2732569.098606258
68,2019-06-09,2752497.6394603187,2688089.8640140817,2790311.366186158,2752497.6394603187,2752497.6394603187,-9766.977837663911,-9766.977837663911,-9766.977837663911,-9766.977837663911,-9766.977837663911,-9766.977837663911,0.0,0.0,0.0,2742730.6616226546
69,2019-06-10,2756458.0654329774,2719666.4287411477,2819128.4029088626,2756458.0654329774,2756458.0654329774,12613.733471857988,12613.733471857988,12613.733471857988,12613.733471857988,12613.733471857988,12613.733471857988,0.0,0.0,0.0,2769071.7989048352
70,2019-06-11,2760418.491405636,2735104.9013186004,2837788.6009393195,2760418.491405636,2760418.491405636,26889.635251295047,26889.635251295047,26889.635251295047,26889.635251295047,26889.635251295047,26889.635251295047,0.0,0.0,0.0,2787308.126656931
71,2019-06-12,2764563.0307212807,2720213.172884756,2830129.3463783604,2764563.0307212807,2764563.0307212807,11016.565654360698,11016.565654360698,11016.565654360698,11016.565654360698,11016.565654360698,11016.565654360698,0.0,0.0,0.0,2775579.5963756414
72,2019-06-13,2768707.5700369254,2703110.787003942,2807730.073694817,2768707.5700369254,2768707.5700369254,-13349.573693037395,-13349.573693037395,-13349.573693037395,-13349.573693037395,-13349.573693037395,-13349.573693037395,0.0,0.0,0.0,2755357.996343888
73,2019-06-14,2772852.1093525696,2709259.7844086946,2810937.908165784,2772852.10935257,2772852.10935257,-11435.26796537726,-11435.26796537726,-11435.26796537726,-11435.26796537726,-11435.26796537726,-11435.26796537726,0.0,0.0,0.0,2761416.8413871923
74,2019-06-15,2777180.2686264087,2711999.7603113446,2809676.5849722764,2777180.2686264087,2777180.2686264087,-15968.1148813963,-15968.1148813963,-15968.1148813963,-15968.1148813963,-15968.1148813963,-15968.1148813963,0.0,0.0,0.0,2761212.1537450124
75,2019-06-16,2781508.4279002473,2721950.665226698,2821480.5761336116,2781508.4279002473,2781508.4279002473,-9766.977837697805,-9766.977837697805,-9766.977837697805,-9766.977837697805,-9766.977837697805,-9766.977837697805,0.0,0.0,0.0,2771741.4500625497
76,2019-06-17,2785836.5871740864,2745339.8355466765,2845494.3945285818,2785836.5871740864,2785836.5871740864,12613.733471866504,12613.733471866504,12613.733471866504,12613.733471866504,12613.733471866504,12613.733471866504,0.0,0.0,0.0,2798450.320645953
77,2019-06-18,2790259.66352293,2768133.7765690847,2865928.569686379,2790259.66352293,2790259.66352293,26889.63525127652,26889.63525127652,26889.63525127652,26889.63525127652,26889.63525127652,26889.63525127652,0.0,0.0,0.0,2817149.2987742065
78,2019-06-19,2794682.739871774,2753249.5816484424,2858136.9951184564,2794682.739871774,2794682.739871774,11016.56565433324,11016.56565433324,11016.56565433324,11016.56565433324,11016.56565433324,11016.56565433324,0.0,0.0,0.0,2805699.305526107
79,2019-06-20,2799105.8162206174,2732850.4850465106,2835684.8056296096,2799105.8162206174,2799105.8162206174,-13349.573693045986,-13349.573693045986,-13349.573693045986,-13349.573693045986,-13349.573693045986,-13349.573693045986,0.0,0.0,0.0,2785756.2425275715
80,2019-06-21,2803528.895267972,2741078.685624542,2842459.723825437,2803528.895267972,2803528.895267972,-11435.26796538006,-11435.26796538006,-11435.26796538006,-11435.26796538006,-11435.26796538006,-11435.26796538006,0.0,0.0,0.0,2792093.6273025917
81,2019-06-22,2807951.9743153257,2741814.2620915575,2843862.9566227035,2807951.9743153257,2807951.9743153257,-15968.11488139636,-15968.11488139636,-15968.11488139636,-15968.11488139636,-15968.11488139636,-15968.11488139636,0.0,0.0,0.0,2791983.8594339294
82,2019-06-23,2812375.05336268,2751030.1846329765,2852001.592104125,2812375.05336268,2812375.05336268,-9766.977837677545,-9766.977837677545,-9766.977837677545,-9766.977837677545,-9766.977837677545,-9766.977837677545,0.0,0.0,0.0,2802608.0755250026
83,2019-06-24,2816798.132410034,2777116.9356634943,2883736.070647752,2816798.132410034,2816798.132410034,12613.733471904374,12613.733471904374,12613.733471904374,12613.733471904374,12613.733471904374,12613.733471904374,0.0,0.0,0.0,2829411.8658819385
84,2019-06-25,2821221.2114573885,2795496.3326676744,2900325.200754252,2821221.2114573885,2821221.2114573885,26889.635251285137,26889.635251285137,26889.635251285137,26889.635251285137,26889.635251285137,26889.635251285137,0.0,0.0,0.0,2848110.8467086735
85,2019-06-26,2825644.290504743,2781707.434342248,2889171.1950528836,2825644.290504743,2825644.290504743,11016.56565437038,11016.56565437038,11016.56565437038,11016.56565437038,11016.56565437038,11016.56565437038,0.0,0.0,0.0,2836660.8561591133
86,2019-06-27,2830067.369552097,2764297.095506214,2863230.3803814035,2830067.369552097,2830067.369552097,-13349.573693033457,-13349.573693033457,-13349.573693033457,-13349.573693033457,-13349.573693033457,-13349.573693033457,0.0,0.0,0.0,2816717.7958590635
87,2019-06-28,2834490.448599451,2771103.650445784,2870275.580480419,2834490.448599451,2834490.448599451,-11435.267965380372,-11435.267965380372,-11435.267965380372,-11435.267965380372,-11435.267965380372,-11435.267965380372,0.0,0.0,0.0,2823055.1806340707
88,2019-06-29,2838913.527646805,2774086.330524163,2873623.456785199,2838913.527646805,2838913.527646805,-15968.114881396416,-15968.114881396416,-15968.114881396416,-15968.114881396416,-15968.114881396416,-15968.114881396416,0.0,0.0,0.0,2822945.412765409
89,2019-06-30,2843336.6066941596,2783310.9593693125,2885901.542388346,2843336.6066941596,2843336.6066941596,-9766.977837657289,-9766.977837657289,-9766.977837657289,-9766.977837657289,-9766.977837657289,-9766.977837657289,0.0,0.0,0.0,2833569.6288565025
90,2019-07-01,2847759.6857415135,2808232.907762509,2909409.8172514616,2847759.6857415135,2847759.6857415135,12613.733471912892,12613.733471912892,12613.733471912892,12613.733471912892,12613.733471912892,12613.733471912892,0.0,0.0,0.0,2860373.4192134263
91,2019-07-02,2852182.764788868,2830516.9001015313,2929770.8724393398,2852182.764788868,2852182.764788868,26889.635251285315,26889.635251285315,26889.635251285315,26889.635251285315,26889.635251285315,26889.635251285315,0.0,0.0,0.0,2879072.4000401534
92,2019-07-03,2856605.843836222,2818960.1170406416,2915141.488551926,2856605.843836222,2856605.843836222,11016.5656543527,11016.5656543527,11016.5656543527,11016.5656543527,11016.5656543527,11016.5656543527,0.0,0.0,0.0,2867622.4094905746
93,2019-07-04,2861028.9228835762,2795290.5052972417,2897124.7128789746,2861028.9228835762,2861028.9228835762,-13349.573693038,-13349.573693038,-13349.573693038,-13349.573693038,-13349.573693038,-13349.573693038,0.0,0.0,0.0,2847679.3491905383
94,2019-07-05,2865452.00193093,2804276.4767017,2905653.6550995456,2865452.00193093,2865452.00193093,-11435.26796538215,-11435.26796538215,-11435.26796538215,-11435.26796538215,-11435.26796538215,-11435.26796538215,0.0,0.0,0.0,2854016.733965548
95,2019-07-06,2869875.0809782846,2802488.8018114893,2904535.1268643504,2869875.0809782846,2869875.0809782846,-15968.114881405001,-15968.114881405001,-15968.114881405001,-15968.114881405001,-15968.114881405001,-15968.114881405001,0.0,0.0,0.0,2853906.9660968794
96,2019-07-07,2874298.160025639,2813717.3157278057,2916699.1460611415,2874298.160025639,2874298.160025639,-9766.977837691182,-9766.977837691182,-9766.977837691182,-9766.977837691182,-9766.977837691182,-9766.977837691182,0.0,0.0,0.0,2864531.182187948
97,2019-07-08,2878721.239072993,2839735.250001974,2938859.5107232956,2878721.239072993,2878721.239072993,12613.733471881418,12613.733471881418,12613.733471881418,12613.733471881418,12613.733471881418,12613.733471881418,0.0,0.0,0.0,2891334.9725448745
98,2019-07-09,2883144.3181203473,2857906.266182415,2960111.373238108,2883144.3181203473,2883144.3181203473,26889.635251280364,26889.635251280364,26889.635251280364,26889.635251280364,26889.635251280364,26889.635251280364,0.0,0.0,0.0,2910033.9533716277
99,2019-07-10,2887567.3971677013,2848414.048591769,2950323.5965491617,2887567.3971677013,2887567.3971677013,11016.565654335014,11016.565654335014,11016.565654335014,11016.565654335014,11016.565654335014,11016.565654335014,0.0,0.0,0.0,2898583.9628220364
100,2019-07-11,2891990.4762150557,2826647.686375129,2931571.197547003,2891988.305893718,2891990.4764656946,-13349.573693050637,-13349.573693050637,-13349.573693050637,-13349.573693050637,-13349.573693050637,-13349.573693050637,0.0,0.0,0.0,2878640.902522005
101,2019-07-12,2896413.5552624096,2831788.283771107,2933179.5104601677,2896352.389711752,2896453.418433211,-11435.267965382467,-11435.267965382467,-11435.267965382467,-11435.267965382467,-11435.267965382467,-11435.267965382467,0.0,0.0,0.0,2884978.287297027
102,2019-07-13,2900836.634309764,2829854.4580745017,2932826.3208235493,2900689.9751715986,2900966.003739639,-15968.114881399555,-15968.114881399555,-15968.114881399555,-15968.114881399555,-15968.114881399555,-15968.114881399555,0.0,0.0,0.0,2884868.5194283645
103,2019-07-14,2905259.7133571184,2844311.2595014125,2946891.6696375646,2904994.0160930227,2905498.606731975,-9766.977837670922,-9766.977837670922,-9766.977837670922,-9766.977837670922,-9766.977837670922,-9766.977837670922,0.0,0.0,0.0,2895492.7355194474
104,2019-07-15,2909682.792404473,2868007.4634446856,2971250.884093275,2909293.0532589294,2910029.866260053,12613.733471835267,12613.733471835267,12613.733471835267,12613.733471835267,12613.733471835267,12613.733471835267,0.0,0.0,0.0,2922296.5258763083
105,2019-07-16,2914105.8714518263,2890954.712639589,2992517.231249141,2913589.4245279105,2914604.2907610014,26889.63525127542,26889.63525127542,26889.63525127542,26889.63525127542,26889.63525127542,26889.63525127542,0.0,0.0,0.0,2940995.5067031016
106,2019-07-17,2918528.950499181,2876930.1993026193,2977594.472792354,2917869.4303673296,2919182.8809857755,11016.565654307553,11016.565654307553,11016.565654307553,11016.565654307553,11016.565654307553,11016.565654307553,0.0,0.0,0.0,2929545.516153489
107,2019-07-18,2922952.029546535,2860383.19804818,2962480.0688702716,2922087.8201383273,2923751.5135027533,-13349.573693034063,-13349.573693034063,-13349.573693034063,-13349.573693034063,-13349.573693034063,-13349.573693034063,0.0,0.0,0.0,2909602.455853501
108,2019-07-19,2927375.108593889,2863136.9540196275,2967853.378656659,2926273.7229667315,2928386.4987515486,-11435.267965381756,-11435.267965381756,-11435.267965381756,-11435.267965381756,-11435.267965381756,-11435.267965381756,0.0,0.0,0.0,2915939.840628507
109,2019-07-20,2931798.1876412435,2865639.730324691,2963494.221155865,2930462.2804970406,2932996.825728575,-15968.114881399611,-15968.114881399611,-15968.114881399611,-15968.114881399611,-15968.114881399611,-15968.114881399611,0.0,0.0,0.0,2915830.072759844
110,2019-07-21,2936221.266688598,2877342.5522935167,2975643.528485573,2934656.5341203585,2937628.416234207,-9766.977837663539,-9766.977837663539,-9766.977837663539,-9766.977837663539,-9766.977837663539,-9766.977837663539,0.0,0.0,0.0,2926454.2888509342
111,2019-07-22,2940644.345735952,2903825.006556299,3003522.9642752595,2938848.022693614,2942304.5992082627,12613.733471873134,12613.733471873134,12613.733471873134,12613.733471873134,12613.733471873134,12613.733471873134,0.0,0.0,0.0,2953258.079207825
112,2019-07-23,2945067.424783306,2920381.71745201,3024311.478648339,2943030.2340283873,2946932.1255326434,26889.63525128916,26889.63525128916,26889.63525128916,26889.63525128916,26889.63525128916,26889.63525128916,0.0,0.0,0.0,2971957.0600345954
113,2019-07-24,2949490.50383066,2908624.6832939573,3011135.3445617296,2947223.611308731,2951621.795693244,11016.565654354472,11016.565654354472,11016.565654354472,11016.565654354472,11016.565654354472,11016.565654354472,0.0,0.0,0.0,2960507.069485015
